bldg_id,capacity,nominal_power
resstock-amy2018-2021-release-1-512011,14.025718740464045,0.3023814957582881
resstock-amy2018-2021-release-1-538446,13.532058497692848,0.1500248348152181
resstock-amy2018-2021-release-1-542359,9.543640265892025,0.17557301561126065
resstock-amy2018-2021-release-1-542954,8.544721154109881,0.09879519878907043
resstock-amy2018-2021-release-1-544958,9.870914414547569,0.14158665530137532
