bldg_id,capacity,nominal_power
resstock-amy2018-2021-release-1-18098,19.792686440806076,0.25745517898571263
resstock-amy2018-2021-release-1-24194,16.42326545981137,0.12483900764842419
resstock-amy2018-2021-release-1-27020,17.13432501905133,0.11693047457617652
resstock-amy2018-2021-release-1-3615,22.445187792698654,0.33894158312907363
resstock-amy2018-2021-release-1-6887,14.879605905183455,0.19426342427494306
